#ref_ctx,alt_ctx,phat_PE_frw,phat_PE_rev,phat_merged,alt_qual_frw,alt_qual_rev,alt_pos_in_read_frw,alt_pos_in_read_rev,occurrence_frw,occurrence_rev
ACA,AAA,0.0,7.00161037039e-05,7.00147030876e-05,0.0,35.9166666667,0.0,16.0,0.0,2.0
ACC,AAC,0.0,0.00074044426656,0.00074042944908,0.0,34.0810810811,0.0,139.0,0.0,1.0
ACG,AAG,0.0,4.00072012962e-05,4.00064010242e-05,0.0,26.5,0.0,57.0,0.0,1.0
ACT,AAT,0.0,4.00072012962e-05,4.00064010242e-05,0.0,39.0,0.0,50.0,0.0,1.0
CCA,CAA,0.0,2.00072826509e-05,2.00068823675e-05,0.0,40.2,0.0,11.0,0.0,5.0
CCC,CAC,0.0,4.66803595721e-05,4.66794257097e-05,0.0,38.3333333333,0.0,3.0,0.0,3.0
CCG,CAG,0.0,0.0,0.0,0.0,0.0,0.0,0.0,0.0,0.0
CCT,CAT,0.0,9.00243065628e-05,9.00225056264e-05,0.0,38.2,0.0,3.0,0.0,2.0
GCA,GAA,0.0,4.00072012962e-05,4.00064010242e-05,0.0,37.1666666667,0.0,59.0,0.0,2.0
GCC,GAC,0.0,4.00094022095e-05,4.00086018494e-05,0.0,39.6,0.0,7.0,0.0,4.0
GCG,GAG,0.0,0.0,0.0,0.0,0.0,0.0,0.0,0.0,0.0
GCT,GAT,0.0,4.00072012962e-05,4.00064010242e-05,0.0,30.5,0.0,86.0,0.0,1.0
TCA,TAA,0.0,0.000120021603889,0.000120019203072,0.0,39.1666666667,0.0,125.0,0.0,1.0
TCC,TAC,0.0,2.40055692921e-05,2.40050890789e-05,0.0,35.4,0.0,43.0,0.0,5.0
TCG,TAG,0.0,0.0,0.0,0.0,0.0,0.0,0.0,0.0,0.0
TCT,TAT,0.0,2.00036006481e-05,2.00032005121e-05,0.0,41.0,0.0,36.0,0.0,2.0
ACA,AGA,0.0,2.00036006481e-05,2.00032005121e-05,0.0,37.0,0.0,38.0,0.0,1.0
ACC,AGC,0.0,0.000220151904814,0.000220147498824,0.0,37.4,0.0,6.0,0.0,2.0
ACG,AGG,0.0,0.0,0.0,0.0,0.0,0.0,0.0,0.0,0.0
ACT,AGT,0.0,2.00036006481e-05,2.00032005121e-05,0.0,39.0,0.0,18.0,0.0,1.0
CCA,CGA,0.0,2.00097380725e-05,2.00093376909e-05,0.0,39.6666666667,0.0,7.0,0.0,3.0
CCC,CGC,0.0,2.00064020487e-05,2.00060018005e-05,0.0,41.0,0.0,135.0,0.0,2.0
CCG,CGG,0.0,0.0,0.0,0.0,0.0,0.0,0.0,0.0,0.0
CCT,CGT,0.0,2.00036006481e-05,2.00032005121e-05,0.0,41.0,0.0,132.0,0.0,1.0
GCA,GGA,0.0,2.00046677558e-05,2.00042675771e-05,0.0,39.6666666667,0.0,5.0,0.0,3.0
GCC,GGC,0.0,2.00048011523e-05,2.00044009682e-05,0.0,27.0,0.0,2.0,0.0,1.0
GCG,GGG,0.0,6.00108019443e-05,6.00096015362e-05,0.0,33.3333333333,0.0,58.0,0.0,1.0
GCT,GGT,0.0,2.00036006481e-05,2.00032005121e-05,0.0,32.0,0.0,85.0,0.0,1.0
TCA,TGA,0.0,2.00036006481e-05,2.00032005121e-05,0.0,41.0,0.0,114.0,0.0,1.0
TCC,TGC,0.0,3.33424469355e-05,3.33417799176e-05,0.0,36.5555555556,0.0,52.0,0.0,3.0
TCG,TGG,0.0,2.00036006481e-05,2.00032005121e-05,0.0,41.0,0.0,75.0,0.0,1.0
TCT,TGT,0.0,0.0,0.0,0.0,0.0,0.0,0.0,0.0,0.0
ACA,ATA,0.0,3.20064012803e-05,3.2005761037e-05,0.0,33.4,0.0,16.0,0.0,5.0
ACC,ATC,0.0,0.000450310714393,0.00045030170214,0.0,30.4431818182,0.0,1.0,0.0,2.0
ACG,ATG,0.0,6.00108019443e-05,6.00096015362e-05,0.0,39.6666666667,0.0,57.0,0.0,1.0
ACT,ATT,0.0,2.00036006481e-05,2.00032005121e-05,0.0,38.0,0.0,18.0,0.0,3.0
CCA,CTA,0.0,2.0012607943e-05,2.00122074465e-05,0.0,29.0,0.0,98.0,0.0,2.0
CCC,CTC,0.0,8.50199796952e-05,8.501827893e-05,0.0,37.9,0.0,6.0,0.0,4.0
CCG,CTG,0.0,2.00036006481e-05,2.00032005121e-05,0.0,22.0,0.0,76.0,0.0,1.0
CCT,CTT,0.0,8.00180040509e-05,8.00164033627e-05,0.0,31.7291666667,0.0,4.0,0.0,4.0
GCA,GTA,0.0,3.00078020285e-05,3.00072017284e-05,0.0,34.5,0.0,3.0,0.0,2.0
GCC,GTC,0.0,5.60125468105e-05,5.6011426331e-05,0.0,36.13,0.0,4.0,0.0,5.0
GCG,GTG,0.0,0.000140025204537,0.000140022403585,0.0,39.7142857143,0.0,58.0,0.0,1.0
GCT,GTT,0.0,4.00072012962e-05,4.00064010242e-05,0.0,20.6666666667,0.0,86.0,0.0,2.0
TCA,TTA,0.0,5.33429350616e-05,5.33418680322e-05,0.0,35.9,0.0,40.0,0.0,3.0
TCC,TTC,0.0,0.000128030215131,0.000128027653973,0.0,36.1848484848,0.0,52.0,0.0,5.0
TCG,TTG,0.0,4.00072012962e-05,4.00064010242e-05,0.0,37.0,0.0,24.0,0.0,3.0
TCT,TTT,0.0,2.00036006481e-05,2.00032005121e-05,0.0,25.5,0.0,82.0,0.0,2.0
ATA,AAA,0.0,0.00018019821804,0.000180194610179,0.0,29.0,0.0,2.0,0.0,1.0
ATC,AAC,0.0,0.0,0.0,0.0,0.0,0.0,0.0,0.0,0.0
ATG,AAG,0.0,2.00036006481e-05,2.00032005121e-05,0.0,31.5,0.0,41.0,0.0,2.0
ATT,AAT,0.0,2.00036006481e-05,2.00032005121e-05,0.0,39.0,0.0,47.0,0.0,1.0
CTA,CAA,0.0,0.000440220110055,0.000440211301425,0.0,31.4090909091,0.0,3.0,0.0,1.0
CTC,CAC,0.0,2.00048011523e-05,2.00044009682e-05,0.0,41.0,0.0,128.0,0.0,1.0
CTG,CAG,0.0,2.00036006481e-05,2.00032005121e-05,0.0,41.0,0.0,99.0,0.0,1.0
CTT,CAT,0.0,2.00036006481e-05,2.00032005121e-05,0.0,41.0,0.0,106.0,0.0,1.0
GTA,GAA,0.0,0.0,0.0,0.0,0.0,0.0,0.0,0.0,0.0
GTC,GAC,0.0,4.0022412551e-05,4.00216116703e-05,0.0,36.0,0.0,138.0,0.0,1.0
GTG,GAG,0.0,2.00036006481e-05,2.00032005121e-05,0.0,37.0,0.0,56.0,0.0,1.0
GTT,GAT,0.0,2.00036006481e-05,2.00032005121e-05,0.0,39.0,0.0,33.0,0.0,1.0
TTA,TAA,0.0,2.00036006481e-05,2.00032005121e-05,0.0,41.0,0.0,105.0,0.0,1.0
TTC,TAC,0.0,0.0,0.0,0.0,0.0,0.0,0.0,0.0,0.0
TTG,TAG,0.0,0.0,0.0,0.0,0.0,0.0,0.0,0.0,0.0
TTT,TAT,0.0,2.00036006481e-05,2.00032005121e-05,0.0,41.0,0.0,46.0,0.0,1.0
ATA,ACA,0.0,0.000120058428435,0.000120056026146,0.0,27.8333333333,0.0,2.0,0.0,3.0
ATC,ACC,0.0,4.40079214259e-05,4.40070411266e-05,0.0,31.7333333333,0.0,42.0,0.0,5.0
ATG,ACG,0.0,3.00054009722e-05,3.00048007681e-05,0.0,41.0,0.0,41.0,0.0,2.0
ATT,ACT,0.0,5.20093616851e-05,5.20083213314e-05,0.0,33.76,0.0,47.0,0.0,5.0
CTA,CCA,0.0,0.000120040813877,0.000120038412292,0.0,35.8125,0.0,4.0,0.0,2.0
CTC,CCC,0.0,6.40122903597e-05,6.40110098937e-05,0.0,35.4666666667,0.0,51.0,0.0,5.0
CTG,CCG,0.0,5.00116693895e-05,5.00106689427e-05,0.0,36.2333333333,0.0,37.0,0.0,6.0
CTT,CCT,0.0,5.50101768827e-05,5.50090764976e-05,0.0,32.7708333333,0.0,29.0,0.0,4.0
GTA,GCA,0.0,8.00144025925e-05,8.00128020483e-05,0.0,31.75,0.0,49.0,0.0,1.0
GTC,GCC,0.0,6.00184056444e-05,6.00172049321e-05,0.0,30.8888888889,0.0,39.0,0.0,3.0
GTG,GCG,0.0,3.33467832026e-05,3.33461160111e-05,0.0,32.6111111111,0.0,6.0,0.0,6.0
GTT,GCT,0.0,0.000100018003241,0.00010001600256,0.0,35.4,0.0,33.0,0.0,1.0
TTA,TCA,0.0,7.00126022684e-05,7.00112017923e-05,0.0,32.2083333333,0.0,80.0,0.0,2.0
TTC,TCC,0.0,0.000106685870123,0.000106683736064,0.0,35.1904761905,0.0,35.0,0.0,3.0
TTG,TCG,0.0,3.33393344135e-05,3.33386675201e-05,0.0,39.0,0.0,45.0,0.0,3.0
TTT,TCT,0.0,6.66786688271e-05,6.66773350403e-05,0.0,27.3630952381,0.0,27.0,0.0,6.0
ATA,AGA,0.0,0.000160102465578,0.000160099261542,0.0,34.9,0.0,2.0,0.0,2.0
ATC,AGC,0.0,0.0,0.0,0.0,0.0,0.0,0.0,0.0,0.0
ATG,AGG,0.0,0.0,0.0,0.0,0.0,0.0,0.0,0.0,0.0
ATT,AGT,0.0,2.00036006481e-05,2.00032005121e-05,0.0,12.0,0.0,62.0,0.0,1.0
CTA,CGA,0.0,0.0,0.0,0.0,0.0,0.0,0.0,0.0,0.0
CTC,CGC,0.0,0.0,0.0,0.0,0.0,0.0,0.0,0.0,0.0
CTG,CGG,0.0,2.00096046102e-05,2.00092042339e-05,0.0,12.0,0.0,133.0,0.0,1.0
CTT,CGT,0.0,2.00036006481e-05,2.00032005121e-05,0.0,26.5,0.0,29.0,0.0,2.0
GTA,GGA,0.0,0.0,0.0,0.0,0.0,0.0,0.0,0.0,0.0
GTC,GGC,0.0,0.000720403425919,0.000720389010065,0.0,36.3333333333,0.0,138.0,0.0,1.0
GTG,GGG,0.0,0.0,0.0,0.0,0.0,0.0,0.0,0.0,0.0
GTT,GGT,0.0,2.00036006481e-05,2.00032005121e-05,0.0,22.0,0.0,33.0,0.0,1.0
TTA,TGA,0.0,0.0,0.0,0.0,0.0,0.0,0.0,0.0,0.0
TTC,TGC,0.0,0.0,0.0,0.0,0.0,0.0,0.0,0.0,0.0
TTG,TGG,0.0,0.0,0.0,0.0,0.0,0.0,0.0,0.0,0.0
TTT,TGT,0.0,2.00036006481e-05,2.00032005121e-05,0.0,25.0,0.0,34.0,0.0,1.0
