#ref_ctx,alt_ctx,total_depth_frw,total_depth_rev,alt_depth_frw,alt_depth_rev,alt_qual_frw,alt_qual_rev,alt_pos_in_read_frw,alt_pos_in_read_rev,occurrence_frw,occurrence_rev
ACA,AAA,249925.0,249945.0,14.0,262.0,19.6527777778,13.2727243743,16.0,16.0,4.0,5.0
ACC,AAC,199837.0,199853.0,58.0,1179.0,23.625,15.7307514202,102.0,10.0,2.0,4.0
ACG,AAG,49986.0,49990.0,3.0,58.0,21.6666666667,16.0172413793,57.0,57.0,1.0,1.0
ACT,AAT,249930.0,249950.0,18.0,392.0,19.0340909091,12.5374363346,30.0,18.0,4.0,5.0
CCA,CAA,349898.0,349884.0,19.0,608.0,23.3904761905,13.2886760915,11.0,11.0,6.0,7.0
CCC,CAC,249915.0,249933.0,59.0,147.0,16.4461538462,15.5785035235,6.0,6.0,5.0,5.0
CCG,CAG,49986.0,50190.0,9.0,35.0,14.2222222222,13.6435185185,76.0,3.0,1.0,2.0
CCT,CAT,399833.0,399868.0,76.0,148.0,15.9017857143,15.7268504417,5.0,5.0,8.0,7.0
GCA,GAA,199936.0,199952.0,28.0,405.0,20.2380952381,13.5698526202,8.0,8.0,4.0,4.0
GCC,GAC,249919.0,249939.0,49.0,95.0,17.5497474747,18.059047619,7.0,7.0,5.0,5.0
GCG,GAG,49986.0,50193.0,9.0,25.0,13.1111111111,13.4880952381,58.0,3.0,1.0,2.0
GCT,GAT,99972.0,99980.0,15.0,23.0,17.9107142857,15.8695652174,86.0,86.0,2.0,1.0
TCA,TAA,249930.0,249950.0,36.0,97.0,16.5095238095,17.8,40.0,40.0,5.0,5.0
TCC,TAC,399873.0,399905.0,76.0,215.0,16.2929625199,17.7131643087,43.0,43.0,8.0,8.0
TCG,TAG,149958.0,149970.0,4.0,197.0,12.0,13.1549878345,75.0,24.0,1.0,3.0
TCT,TAT,249925.0,249945.0,35.0,86.0,15.1916666667,19.4420289855,36.0,36.0,5.0,5.0
ACA,AGA,249925.0,249945.0,3.0,286.0,26.5,14.5595275419,22.0,16.0,2.0,5.0
ACC,AGC,199837.0,199853.0,65.0,487.0,31.5101214575,12.5303507019,10.0,10.0,3.0,4.0
ACG,AGG,49986.0,49990.0,0.0,10.0,0.0,23.5,0.0,57.0,0.0,1.0
ACT,AGT,249930.0,249950.0,27.0,164.0,21.8977272727,11.881420765,18.0,18.0,4.0,5.0
CCA,CGA,349898.0,349884.0,4.0,192.0,26.5,13.8379418434,14.0,11.0,3.0,7.0
CCC,CGC,249915.0,249933.0,21.0,566.0,13.3666666667,14.0589140271,94.0,6.0,4.0,5.0
CCG,CGG,49986.0,49990.0,0.0,44.0,0.0,25.0227272727,0.0,76.0,0.0,1.0
CCT,CGT,399833.0,399868.0,55.0,204.0,14.3670068027,13.1791353384,5.0,5.0,7.0,7.0
GCA,GGA,199936.0,199952.0,8.0,127.0,24.125,18.7045211733,8.0,8.0,4.0,4.0
GCC,GGC,249919.0,250137.0,14.0,161.0,11.6,11.4796992481,7.0,6.0,5.0,6.0
GCG,GGG,49986.0,50193.0,6.0,53.0,28.1666666667,15.1737588653,58.0,4.0,1.0,2.0
GCT,GGT,99972.0,100181.0,1.0,23.0,22.0,13.6363636364,85.0,7.0,1.0,3.0
TCA,TGA,249930.0,249950.0,28.0,82.0,15.2111111111,17.2994730679,40.0,40.0,5.0,4.0
TCC,TGC,399873.0,399905.0,27.0,119.0,18.3428571429,14.2202957888,52.0,43.0,7.0,8.0
TCG,TGG,149958.0,149970.0,3.0,51.0,21.6666666667,13.6111111111,75.0,24.0,1.0,3.0
TCT,TGT,249925.0,249945.0,10.0,62.0,12.5,12.2727272727,82.0,36.0,4.0,5.0
ACA,ATA,249925.0,249945.0,15.0,163.0,27.2866666667,14.2956504702,16.0,16.0,5.0,5.0
ACC,ATC,199837.0,199853.0,69.0,285.0,27.1657715718,16.6339259707,1.0,10.0,3.0,4.0
ACG,ATG,49986.0,49990.0,5.0,38.0,29.4,21.3947368421,57.0,57.0,1.0,1.0
ACT,ATT,249930.0,249950.0,7.0,62.0,27.5833333333,16.9822695036,18.0,18.0,3.0,5.0
CCA,CTA,349898.0,349884.0,20.0,118.0,12.8833333333,13.5694760221,11.0,11.0,6.0,7.0
CCC,CTC,249915.0,249933.0,29.0,222.0,28.4158730159,20.0297789167,6.0,6.0,5.0,5.0
CCG,CTG,49986.0,50190.0,3.0,62.0,18.6666666667,17.1290780142,76.0,5.0,1.0,2.0
CCT,CTT,399833.0,400022.0,41.0,125.0,19.6762820513,15.5060292851,4.0,1.0,6.0,9.0
GCA,GTA,199936.0,199952.0,9.0,63.0,19.8125,14.4025297619,8.0,8.0,4.0,4.0
GCC,GTC,249919.0,250137.0,28.0,97.0,22.8611111111,20.1766474266,2.0,5.0,5.0,6.0
GCG,GTG,49986.0,50193.0,10.0,36.0,32.3,16.375,58.0,6.0,1.0,2.0
GCT,GTT,99972.0,100181.0,15.0,13.0,15.4615384615,16.9333333333,86.0,6.0,2.0,3.0
TCA,TTA,249930.0,249950.0,18.0,44.0,22.7714285714,19.1880952381,40.0,40.0,5.0,5.0
TCC,TTC,399873.0,399905.0,110.0,130.0,22.0890652557,16.5579724307,43.0,43.0,8.0,8.0
TCG,TTG,149958.0,149970.0,9.0,31.0,30.2777777778,17.3862433862,24.0,24.0,3.0,3.0
TCT,TTT,249925.0,249945.0,6.0,36.0,21.6666666667,12.8333333333,82.0,36.0,3.0,5.0
ATA,AAA,199922.0,199937.0,4.0,117.0,33.25,11.7384615385,2.0,3.0,1.0,4.0
ATC,AAC,249930.0,249950.0,0.0,55.0,0.0,12.375,0.0,42.0,0.0,5.0
ATG,AAG,149958.0,149970.0,3.0,43.0,31.5,22.0495137047,41.0,21.0,2.0,3.0
ATT,AAT,249930.0,249950.0,4.0,122.0,21.6666666667,12.9735275689,47.0,47.0,3.0,4.0
CTA,CAA,99958.0,99967.0,14.0,66.0,33.7857142857,18.2222222223,3.0,3.0,1.0,2.0
CTC,CAC,349914.0,350161.0,14.0,101.0,17.75,14.9722222222,1.0,1.0,6.0,6.0
CTG,CAG,299914.0,299924.0,8.0,21.0,21.2222222222,13.38,87.0,37.0,3.0,5.0
CTT,CAT,199943.0,199959.0,3.0,34.0,19.25,16.0096153846,81.0,29.0,2.0,4.0
GTA,GAA,49986.0,49990.0,0.0,111.0,0.0,12.954954955,0.0,49.0,0.0,1.0
GTC,GAC,199926.0,199942.0,7.0,111.0,15.0833333333,17.6793154762,39.0,23.0,2.0,4.0
GTG,GAG,449806.0,449842.0,6.0,288.0,24.0833333333,12.2338008821,9.0,9.0,3.0,9.0
GTT,GAT,49986.0,49990.0,1.0,16.0,41.0,13.5625,33.0,33.0,1.0,1.0
TTA,TAA,99972.0,99980.0,1.0,13.0,41.0,27.3333333333,105.0,80.0,1.0,2.0
TTC,TAC,249930.0,249950.0,3.0,77.0,15.3333333333,12.6793478261,35.0,26.0,3.0,4.0
TTG,TAG,99972.0,99980.0,1.0,32.0,12.0,16.7584541063,60.0,45.0,1.0,2.0
TTT,TAT,299916.0,299940.0,3.0,215.0,19.25,13.5047920434,34.0,27.0,2.0,6.0
ATA,ACA,199922.0,199937.0,25.0,515.0,23.7616161616,11.9878148841,2.0,3.0,3.0,4.0
ATC,ACC,249930.0,249950.0,25.0,224.0,24.8722222222,16.5821043939,42.0,42.0,5.0,5.0
ATG,ACG,149958.0,149970.0,14.0,155.0,20.1515151516,14.9419047619,41.0,21.0,2.0,3.0
ATT,ACT,249930.0,249950.0,30.0,299.0,25.4552380952,17.9813851761,47.0,47.0,5.0,5.0
CTA,CCA,149944.0,149957.0,23.0,269.0,21.2745098039,14.8645723522,4.0,4.0,3.0,3.0
CTC,CCC,349914.0,350161.0,61.0,364.0,21.2690789474,14.7069530432,1.0,1.0,8.0,8.0
CTG,CCG,299914.0,299924.0,27.0,107.0,30.8452380952,17.6747596154,37.0,37.0,6.0,6.0
CTT,CCT,199943.0,199959.0,18.0,176.0,25.8958333333,13.9176188232,29.0,29.0,4.0,4.0
GTA,GCA,49986.0,49990.0,4.0,480.0,32.75,10.7854166667,49.0,49.0,1.0,1.0
GTC,GCC,199926.0,199942.0,36.0,248.0,19.939047619,14.5314580133,39.0,23.0,3.0,4.0
GTG,GCG,449806.0,449842.0,18.0,1227.0,27.8888888889,11.8155848543,9.0,9.0,6.0,9.0
GTT,GCT,49986.0,49990.0,9.0,129.0,26.6666666667,13.007751938,33.0,33.0,1.0,1.0
TTA,TCA,99972.0,99980.0,31.0,44.0,26.9722222222,16.4236111111,80.0,80.0,2.0,2.0
TTC,TCC,249930.0,249950.0,33.0,280.0,20.4302884615,14.1183825978,35.0,26.0,4.0,5.0
TTG,TCG,149958.0,149970.0,8.0,104.0,31.3333333333,14.9642857143,45.0,45.0,3.0,3.0
TTT,TCT,299916.0,299940.0,37.0,731.0,22.6291666667,13.3819546625,27.0,27.0,6.0,6.0
ATA,AGA,199922.0,199937.0,30.0,788.0,25.9803921569,10.6172473644,2.0,3.0,3.0,4.0
ATC,AGC,249930.0,249950.0,45.0,265.0,12.0,15.3044140257,42.0,42.0,5.0,5.0
ATG,AGG,149958.0,149970.0,15.0,257.0,12.7692307693,11.8263983402,21.0,21.0,2.0,3.0
ATT,AGT,249930.0,249950.0,22.0,1083.0,13.1875,12.7503163895,47.0,47.0,4.0,5.0
CTA,CGA,149944.0,149957.0,36.0,448.0,12.6428571428,10.754389635,4.0,4.0,2.0,3.0
CTC,CGC,349914.0,350161.0,47.0,521.0,16.3610294118,12.6310633391,1.0,8.0,8.0,8.0
CTG,CGG,299914.0,299924.0,80.0,217.0,15.1621499548,12.7815861567,37.0,37.0,4.0,6.0
CTT,CGT,199943.0,199959.0,13.0,337.0,13.2083333333,13.7438574939,29.0,29.0,4.0,4.0
GTA,GGA,49986.0,49990.0,0.0,1575.0,0.0,11.173968254,0.0,49.0,0.0,1.0
GTC,GGC,199926.0,199942.0,120.0,431.0,19.2762762763,14.0202396176,39.0,23.0,3.0,4.0
GTG,GGG,449806.0,449842.0,26.0,2242.0,13.0,11.3596180929,9.0,9.0,5.0,9.0
GTT,GGT,49986.0,49990.0,6.0,112.0,12.0,12.4821428571,33.0,33.0,1.0,1.0
TTA,TGA,99972.0,99980.0,18.0,62.0,14.2222222222,17.3488372093,105.0,80.0,1.0,2.0
TTC,TGC,249930.0,249950.0,13.0,300.0,12.6666666667,11.8639398803,26.0,26.0,5.0,5.0
TTG,TGG,149958.0,149970.0,3.0,288.0,12.0,13.4485144485,45.0,45.0,2.0,3.0
TTT,TGT,299916.0,299940.0,17.0,1784.0,13.875,13.0711212689,27.0,27.0,6.0,6.0
